{
  "swagger" : "2.0",
  "info" : {
    "version" : "1.0",
    "title" : "Summary about the new REST service.",
    "description" : "Summary about the new REST service."
  },
  "host" : "localhost:8080",
  "basePath" : "/",
  "schemes" : [ "http" ],
  "paths" : {
    "/trip" : {
      "get" : {
        "summary" : "",
        "description" : "",
        "operationId" : "get-trip",
        "consumes" : [ "application/json" ],
        "produces" : [ "application/json" ],
        "parameters" : [ ],
        "responses" : {
          "200" : {
            "description" : "a testElement to be returned",
            "schema" : {
              "type" : "array",
              "items" : {
                "$ref" : "#/definitions/testElement",
                "uniqueItems" : false
              }
            }
          }
        }
      }
    }
  },
  "definitions" : {
    "testElement" : {
      "type" : "object",
      "properties" : {
        "passengerId" : {
          "type" : "integer"
        },
        "pnr" : {
          "type" : "string"
        },
        "origin" : {
          "type" : "string"
        },
        "destination" : {
          "type" : "string"
        },
        "departureDate" : {
          "type" : "string"
        },
        "arrivalDate" : {
          "type" : "string"
        },
        "departureTime" : {
          "type" : "string"
        },
        "arrivalTime" : {
          "type" : "string"
        },
        "airline" : {
          "type" : "string"
        },
        "flightNumber" : {
          "type" : "integer"
        },
        "hasStopover" : {
          "type" : "boolean"
        },
        "flightStatus" : {
          "type" : "string"
        }
      }
    }
  }
}