{
    "records": [{
        "name": "Cloud",
        "items": [],
        "url": "https://integration.cloud.tibco.com:443"
    }],
    "resources": [
        {
            "location": "Service Descriptors/mytest.module.Process-Resource.json",
            "type": "generated"
        },
        {
            "location": "Service Descriptors/mytest.module.TripService-Trip.json",
            "type": "generated"
        },
        {
            "location": "Service Descriptors/mytest.module.TripService-trip.json",
            "type": "generated"
        },
        {
            "location": "Service Descriptors/mytest.module.TripService-Trips.json",
            "type": "generated"
        },
        {
            "location": "Service Descriptors/mytest.tn.cicx.flightstatus.api.TripService-Trips.json",
            "type": "generated"
        },
        {
            "location": "Service Descriptors/mytest.tn.cicx.flightstatus.api.TripStatusAPI-Trips.json",
            "type": "generated"
        }
    ]
}